{"cameraMode":{"drawMode":0,"name":"Shaded","section":"Shading Mode"},"sceneLighting":false,"audioPlay":false,"sceneViewState":{"showFog":true,"showMaterialUpdate":false,"showSkybox":true,"showFlares":true,"showImageEffects":true,"showParticleSystems":true},"in2DMode":false,"pivot":{"x":0.25151610374450686,"y":0.671977162361145,"z":-5.34254789352417},"rotation":{"x":-0.09386132657527924,"y":0.8938567638397217,"z":-0.2218797504901886,"w":-0.3781263530254364},"size":3.3219869136810304,"orthographic":false}